Dataset,baseline_mean,baseline_std,pyramidal_latent_mean,pyramidal_latent_std,tvf_lstm_latent_mean,tvf_lstm_latent_std,tvf_transformer_latent_mean,tvf_transformer_latent_std,channel_latent_mean,channel_latent_std
FingerMovements,52.69166608651479,3.0664740457677504,56.833332777023315,1.5723286891851829,55.999998251597084,2.1602475984562757,53.666665156682335,3.0912060023394585,58.49999934434891,2.692582326089205
ArticularyWordRecognition,11.136111148322621,4.033217616349809,7.622222304344177,0.9210836284839375,12.911111315091452,1.3611904310179868,10.000000074505806,0.4666665941476822,9.999999962747097,0.9067646930960703
BasicMotions,29.70833328862985,6.01719178728035,37.5,7.359800114539162,59.99999940395355,2.5000005960464478,37.16666599114736,6.7123433758431235,46.87499985098839,4.218633320749171
Epilepsy,27.675120532512665,3.5513357691996887,26.95652147134145,2.266930793390227,29.227052927017212,1.167444451244573,28.840579986572266,2.0289862155914307,31.775362119078636,9.592284701964605
AtrialFibrillation,35.55555666486422,8.72346079093437,25.33333420753479,16.970563001358233,,,25.777779420216877,9.13006176447769,34.66666758060455,5.249338269789579
SelfRegulationSCP2,49.932367412940316,1.945235408793333,49.814815521240234,2.158977743513354,51.703705390294395,3.728804016967236,51.0555574297905,2.277778685092926,50.58333322405815,1.230715812101637
Libras,8.842592782651385,2.5843619886782507,8.481481696168581,2.340084299736778,8.592592825492224,0.34346733121277656,9.666666835546494,1.4171203947707403,8.944444600492716,1.5446043066503339
ERing,24.339506216347218,6.254396420667147,17.901234328746796,1.4291155103145432,32.538915475209556,6.352234475006989,24.64197486639023,2.837680900728944,23.333333432674408,3.3006634688132785
UWaveGestureLibrary,14.838541684051355,3.139545171351022,19.958333373069763,2.0668094013787854,25.162500143051147,2.7339304552839776,15.437500178813934,2.434025199122095,15.937500074505806,2.494133766675707
